# E11-T6 test set: the default command set of contracts/commands/default_vi.json, 5 times each at 1 m and 3 m,
# then near misses and free speech for rejection. Board capture, one speaker. Columns as in levels.tsv.
Chính diện, cách 1 m. Thấy 'board connected' thì chờ 2 s, nói "bật đèn" 5 lần, mỗi lần cách 2-3 s, giọng tự nhiên.	--kind cmd --spk {spk} --consent {consent} --distance-cm 100 --doa-deg 90 --duration-s 25 --prompt 'bật đèn'
Chính diện, cách 1 m. Thấy 'board connected' thì chờ 2 s, nói "tắt đèn" 5 lần, mỗi lần cách 2-3 s, giọng tự nhiên.	--kind cmd --spk {spk} --consent {consent} --distance-cm 100 --doa-deg 90 --duration-s 25 --prompt 'tắt đèn'
Chính diện, cách 1 m. Thấy 'board connected' thì chờ 2 s, nói "bật quạt" 5 lần, mỗi lần cách 2-3 s, giọng tự nhiên.	--kind cmd --spk {spk} --consent {consent} --distance-cm 100 --doa-deg 90 --duration-s 25 --prompt 'bật quạt'
Chính diện, cách 1 m. Thấy 'board connected' thì chờ 2 s, nói "tắt quạt" 5 lần, mỗi lần cách 2-3 s, giọng tự nhiên.	--kind cmd --spk {spk} --consent {consent} --distance-cm 100 --doa-deg 90 --duration-s 25 --prompt 'tắt quạt'
Chính diện, cách 1 m. Thấy 'board connected' thì chờ 2 s, nói "mở cửa" 5 lần, mỗi lần cách 2-3 s, giọng tự nhiên.	--kind cmd --spk {spk} --consent {consent} --distance-cm 100 --doa-deg 90 --duration-s 25 --prompt 'mở cửa'
Chính diện, cách 1 m. Thấy 'board connected' thì chờ 2 s, nói "đóng cửa" 5 lần, mỗi lần cách 2-3 s, giọng tự nhiên.	--kind cmd --spk {spk} --consent {consent} --distance-cm 100 --doa-deg 90 --duration-s 25 --prompt 'đóng cửa'
Chính diện, cách 1 m. Thấy 'board connected' thì chờ 2 s, nói "tăng âm lượng" 5 lần, mỗi lần cách 2-3 s, giọng tự nhiên.	--kind cmd --spk {spk} --consent {consent} --distance-cm 100 --doa-deg 90 --duration-s 25 --prompt 'tăng âm lượng'
Chính diện, cách 1 m. Thấy 'board connected' thì chờ 2 s, nói "giảm âm lượng" 5 lần, mỗi lần cách 2-3 s, giọng tự nhiên.	--kind cmd --spk {spk} --consent {consent} --distance-cm 100 --doa-deg 90 --duration-s 25 --prompt 'giảm âm lượng'
Chính diện, cách 1 m. Thấy 'board connected' thì chờ 2 s, nói "dừng lại" 5 lần, mỗi lần cách 2-3 s, giọng tự nhiên.	--kind cmd --spk {spk} --consent {consent} --distance-cm 100 --doa-deg 90 --duration-s 25 --prompt 'dừng lại'
Chính diện, cách 3 m. Thấy 'board connected' thì chờ 2 s, nói "bật đèn" 5 lần, mỗi lần cách 2-3 s, giọng tự nhiên.	--kind cmd --spk {spk} --consent {consent} --distance-cm 300 --doa-deg 90 --duration-s 25 --prompt 'bật đèn'
Chính diện, cách 3 m. Thấy 'board connected' thì chờ 2 s, nói "tắt đèn" 5 lần, mỗi lần cách 2-3 s, giọng tự nhiên.	--kind cmd --spk {spk} --consent {consent} --distance-cm 300 --doa-deg 90 --duration-s 25 --prompt 'tắt đèn'
Chính diện, cách 3 m. Thấy 'board connected' thì chờ 2 s, nói "bật quạt" 5 lần, mỗi lần cách 2-3 s, giọng tự nhiên.	--kind cmd --spk {spk} --consent {consent} --distance-cm 300 --doa-deg 90 --duration-s 25 --prompt 'bật quạt'
Chính diện, cách 3 m. Thấy 'board connected' thì chờ 2 s, nói "tắt quạt" 5 lần, mỗi lần cách 2-3 s, giọng tự nhiên.	--kind cmd --spk {spk} --consent {consent} --distance-cm 300 --doa-deg 90 --duration-s 25 --prompt 'tắt quạt'
Chính diện, cách 3 m. Thấy 'board connected' thì chờ 2 s, nói "mở cửa" 5 lần, mỗi lần cách 2-3 s, giọng tự nhiên.	--kind cmd --spk {spk} --consent {consent} --distance-cm 300 --doa-deg 90 --duration-s 25 --prompt 'mở cửa'
Chính diện, cách 3 m. Thấy 'board connected' thì chờ 2 s, nói "đóng cửa" 5 lần, mỗi lần cách 2-3 s, giọng tự nhiên.	--kind cmd --spk {spk} --consent {consent} --distance-cm 300 --doa-deg 90 --duration-s 25 --prompt 'đóng cửa'
Chính diện, cách 3 m. Thấy 'board connected' thì chờ 2 s, nói "tăng âm lượng" 5 lần, mỗi lần cách 2-3 s, giọng tự nhiên.	--kind cmd --spk {spk} --consent {consent} --distance-cm 300 --doa-deg 90 --duration-s 25 --prompt 'tăng âm lượng'
Chính diện, cách 3 m. Thấy 'board connected' thì chờ 2 s, nói "giảm âm lượng" 5 lần, mỗi lần cách 2-3 s, giọng tự nhiên.	--kind cmd --spk {spk} --consent {consent} --distance-cm 300 --doa-deg 90 --duration-s 25 --prompt 'giảm âm lượng'
Chính diện, cách 3 m. Thấy 'board connected' thì chờ 2 s, nói "dừng lại" 5 lần, mỗi lần cách 2-3 s, giọng tự nhiên.	--kind cmd --spk {spk} --consent {consent} --distance-cm 300 --doa-deg 90 --duration-s 25 --prompt 'dừng lại'
Chính diện, cách 1 m. Chờ 2 s rồi đọc lần lượt, mỗi câu cách 2 s: bật điện | tắt điện | bật quạt trần | đèn đẹp quá | mở cửa sổ | đóng góp | tăng ca | giảm giá | dừng xe | lại đây	--kind neg --spk {spk} --consent {consent} --distance-cm 100 --doa-deg 90 --duration-s 45 --prompt 'bật điện | tắt điện | bật quạt trần | đèn đẹp quá | mở cửa sổ | đóng góp | tăng ca | giảm giá | dừng xe | lại đây'
Chính diện, cách 1 m. Nói chuyện tự nhiên 40 s về việc hôm nay (không nhắc tên ai), hoặc đọc lại: Sáng nay trời mát, tôi mở cửa sổ, bật quạt nhỏ rồi pha một ấm trà. Chiếc loa trên bàn phát bản nhạc nhẹ, còn con mèo nằm ngủ bên cạnh.	--kind neg --spk {spk} --consent {consent} --distance-cm 100 --doa-deg 90 --duration-s 45 --prompt 'nói tự do 1 m'
