# E11-T12 the owner's "tắt" and "bật" at 1 m and 3 m on the current capture firmware, as the 28/09 sessions were
# taken on the older one: same room and bearing, each command 10 times. Gate 3 only, never train (KEHOACH 1.3).
Ngồi chính diện, cách board 1 m, giữ nguyên chỗ cả buổi. Thấy 'board connected' thì chờ 2 s, nói "tắt đèn" 10 lần, mỗi lần cách 2-3 s, giọng tự nhiên.	--kind cmd --spk {spk} --consent {consent} --distance-cm 100 --doa-deg 90 --duration-s 40 --prompt 'tắt đèn'
Như trên, cách 1 m, nói "bật đèn" 10 lần, mỗi lần cách 2-3 s.	--kind cmd --spk {spk} --consent {consent} --distance-cm 100 --doa-deg 90 --duration-s 40 --prompt 'bật đèn'
Như trên, cách 1 m, nói "tắt quạt" 10 lần, mỗi lần cách 2-3 s.	--kind cmd --spk {spk} --consent {consent} --distance-cm 100 --doa-deg 90 --duration-s 40 --prompt 'tắt quạt'
Như trên, cách 1 m, nói "bật quạt" 10 lần, mỗi lần cách 2-3 s.	--kind cmd --spk {spk} --consent {consent} --distance-cm 100 --doa-deg 90 --duration-s 40 --prompt 'bật quạt'
Lùi ra cách board 3 m, chính diện, giữ nguyên chỗ. Nói "tắt đèn" 10 lần, mỗi lần cách 2-3 s, giọng tự nhiên như lúc ở 1 m.	--kind cmd --spk {spk} --consent {consent} --distance-cm 300 --doa-deg 90 --duration-s 40 --prompt 'tắt đèn'
Như trên, cách 3 m, nói "bật đèn" 10 lần, mỗi lần cách 2-3 s.	--kind cmd --spk {spk} --consent {consent} --distance-cm 300 --doa-deg 90 --duration-s 40 --prompt 'bật đèn'
Như trên, cách 3 m, nói "tắt quạt" 10 lần, mỗi lần cách 2-3 s.	--kind cmd --spk {spk} --consent {consent} --distance-cm 300 --doa-deg 90 --duration-s 40 --prompt 'tắt quạt'
Như trên, cách 3 m, nói "bật quạt" 10 lần, mỗi lần cách 2-3 s.	--kind cmd --spk {spk} --consent {consent} --distance-cm 300 --doa-deg 90 --duration-s 40 --prompt 'bật quạt'
