session,board,fw,grid_hash,pcm_shift,kind,spk,consent,room,distance_cm,doa_deg,prompt,start_utc,seq_gaps,duration_s,sha256
20260926_home_001,board_b,capture@contract-v1-40-g4252400,0x9c914b61,16,probe,,,home,,,"tiếng phòng, thử 30 phút (E5-T12)",2026-09-26T11:02:37+00:00,0,1800.0,c3200792fb8c82f15b354dacb3b6187a0f476096f8fdf17baddd3e4460ee0973
20260926_home_002,board_b,0.1.0+3d3335d,0x9c914b61,16,probe,,,home,,,"khung rỗng mode 5, 10 phút (E5-T11)",2026-09-26T11:35:28+00:00,0,600.0,b443321ce6da09aa25188c9850e64f968fcf5e056d40894eb3a9e2ebdb2918ce
20260926_home_003,board_b,capture-radio-off@contract-v1-70-g8b44d7f,0x9c914b61,16,probe,,,home,,,"nền ồn, Wi-Fi tắt 60 s (thử E2-T4)",2026-09-26T12:50:38+00:00,0,60.0,690dac75d099b6c9eab30abbc5020475161112c7a198fecee09393cf27e8248f
20260926_home_004,board_b,capture@contract-v1-70-g8b44d7f,0x9c914b61,16,probe,,,home,,,"nền ồn, Wi-Fi phát 60 s (thử E2-T4)",2026-09-26T12:52:16+00:00,0,60.0,f1552b35930ac60bd977f6abab5d1be73683c0a3badfb168a1c3b7669698f0b4
20260926_home_005,board_b,capture-radio-off@contract-v1-71-gf15a1d4,0x9c914b61,16,probe,,,home,,,"nền ồn, Wi-Fi tắt 60 s, bỏ 1 s đầu (thử E2-T4)",2026-09-26T12:56:01+00:00,0,60.0,feac0ddd32fd9b3c487a26fbd9875644d8af7522dafd7b3568eac24626e28beb
20260926_home_006,board_b,capture@contract-v1-73-g825d490,0x9c914b61,16,probe,,,home,,,"cào cạnh lỗ micro A (nhận micro, E2-T7)",2026-09-26T13:00:48+00:00,0,52.544,b76f05d45f3cc7486467081494218ce82915285aea7ef2910cdaf72020a3a9e7
20260926_home_007,board_b,capture@contract-v1-73-g825d490,0x9c914b61,16,probe,,,home,50,180,"vỗ tay đầu ch0 (lỗ A), 50 cm (E2-T4, E2-T7)",2026-09-26T13:02:22+00:00,0,96.592,a9a853ff62f74f8262a92e954152b15b7a85d63e48db2007dcc0e98c1c4134f2
20260926_home_008,board_b,capture@contract-v1-73-g825d490,0x9c914b61,16,probe,,,home,50,0,"vỗ tay đầu ch1 (lỗ B), 50 cm (E2-T4, E2-T7)",2026-09-26T13:05:59+00:00,0,46.512,1af42484af3652b7b6effee3a68d8630e7f470662d4965c07c7d17f23cfff11e
20260926_home_009,board_b,capture@contract-v1-73-g825d490,0x9c914b61,16,probe,,,home,100,90,"ồn trắng chính diện 1 m từ điện thoại (E2-T4, E2-T6)",2026-09-26T13:12:01+00:00,0,118.848,fb4e75a1700fad10e4cad3d16a5f2e44a796eeb6aea73a42e6eb3fd74a1267aa
20260926_home_010,board_b,capture@contract-v1-73-g825d490,0x9c914b61,16,probe,,,home,20,90,"ồn trắng chính diện 20 cm, âm lượng tối đa, phát liền từ đầu (E2-T4, E2-T6)",2026-09-26T13:14:52+00:00,0,82.384,3e4681992fa6ee5ee34f99be84ceeb92a6eb1dcb93e99cd3b0b1d0a73ad70a20
20260926_home_011,board_b,capture@contract-v1-73-g825d490,0x9c914b61,16,probe,,,home,20,90,"ồn trắng chính diện 20 cm, âm lượng tối đa, có đoạn im đầu (E2-T4, E2-T6)",2026-09-26T13:17:17+00:00,0,82.688,90470de8d1eb8a163c767441246792aaa0fd4c31c5e9bee6cb02c5e60979ebeb
20260926_home_012,board_b,capture@contract-v1-73-g825d490,0x9c914b61,16,probe,,,home,20,90,"ồn trắng 20 cm phía đối diện (sau hộp), hộp giữ nguyên (E2-T4)",2026-09-26T13:22:36+00:00,0,84.064,9f8697134b7699fb3671469b816aa5278ca94d64708198f129d756cd698e614e
20260927_home_001,board_b,capture@contract-v1-275-g5e3b226,0x9c914b61,16,probe,,,home,,,kiểm tra đường thu trước buổi thu,2026-09-27T12:42:16+00:00,0,5.008,a0ee02e87ebefa32d0b53ec62a789a8220b3c4d91844c2c1a3734d2a2b5131ba
