module,core,static_bytes,hot_bytes,cold_bytes,us_mean,us_peak,in_total,fw,date
dsp_afe chuỗi (hpf + stft x2 + balance + doa + trộn + ns + istft + vad + agc),1,6244,81808,0,2615.1,3298.1,1,contract-v1-387-ga88a6fa-dirty,2026-09-28
dsp_spec stft (2 kênh),1,28,14432,0,286.2,289.7,0,contract-v1-387-ga88a6fa-dirty,2026-09-28
dsp_spec istft,1,28,8256,0,164.5,168.5,0,contract-v1-387-ga88a6fa-dirty,2026-09-28
dsp_afe hpf (2 kênh),1,0,64,0,41.1,45.3,0,contract-v1-387-ga88a6fa-dirty,2026-09-28
dsp_afe balance,1,0,2056,0,18.4,22.7,0,contract-v1-387-ga88a6fa-dirty,2026-09-28
dsp_afe doa gộp phổ chéo,1,0,4304,0,22.1,26.4,0,contract-v1-387-ga88a6fa-dirty,2026-09-28
dsp_afe doa gộp và dò lưới,1,0,4304,0,640.9,642.6,0,contract-v1-387-ga88a6fa-dirty,2026-09-28
dsp_afe ns_omlsa,1,0,33280,0,1689.5,1876.3,0,contract-v1-387-ga88a6fa-dirty,2026-09-28
dsp_afe vad,1,0,2640,0,138.0,175.3,0,contract-v1-387-ga88a6fa-dirty,2026-09-28
dsp_afe agc,1,0,1200,0,258.3,261.9,0,contract-v1-387-ga88a6fa-dirty,2026-09-28
dsp_afe agc chặn đỉnh mọi mẫu,1,0,1200,0,341.8,357.7,0,contract-v1-387-ga88a6fa-dirty,2026-09-28
dsp_spec log-mel (40 dải),0,0,3680,0,62.8,68.4,1,contract-v1-387-ga88a6fa-dirty,2026-09-28
lang_vi lexicon_entry một lệnh ba vùng lúc nạp bộ lệnh,0,0,0,0,1183.0,1188.0,0,contract-v1-387-ga88a6fa-dirty,2026-09-28
